{"cameraMode":{"drawMode":0,"name":"Shaded","section":"Shading Mode"},"sceneLighting":false,"audioPlay":false,"sceneViewState":{"m_AlwaysRefresh":false,"showFog":true,"showSkybox":false,"showFlares":true,"showImageEffects":true,"showParticleSystems":true,"showVisualEffectGraphs":true,"m_FxEnabled":true},"in2DMode":false,"pivot":{"x":-0.399994432926178,"y":1.3192009925842286,"z":-5.120102405548096},"rotation":{"x":0.06619767099618912,"y":-0.5774967670440674,"z":0.047059740871191028,"w":0.8123453259468079},"size":0.6353490948677063,"orthographic":false}