{"cameraMode":{"drawMode":0,"name":"Shaded","section":"Shading Mode"},"sceneLighting":true,"audioPlay":false,"sceneViewState":{"m_AlwaysRefresh":false,"showFog":true,"showSkybox":true,"showFlares":true,"showImageEffects":true,"showParticleSystems":true,"showVisualEffectGraphs":true,"m_FxEnabled":true},"in2DMode":false,"pivot":{"x":-2.7724194526672365,"y":0.36706817150115969,"z":-6.438454627990723},"rotation":{"x":-0.05200235918164253,"y":0.8781790137290955,"z":-0.09815547615289688,"w":-0.4652555584907532},"size":2.8189892768859865,"orthographic":false}